Total NEV Sales,Year,Month,Date,Covid-19,Number of new energy policies,Production,Inventory,Gasoline LDV sales,M1SL,M2SL,Federal fund effective rate,Umemployment rate,PPIBC,PPIBM,PCE ,GDP,Durable goods consumption,Nondurable goods consumption,Nonresidential fixed Investment,Residential fixed Investment,Tesla model S price,ElectricPorts,BatteryCost,Percentage of employees with a bachelor's degree or higher education,Percentage of employees who are middle-aged (25-55),Population,Per capita disposable income,Gasoline price,Electric retail price
28937,2010,12,40543,0,26,176398,796700,1115903,1836.7,8822.9,0,0.09,132.1,142.6,1078.7,15309.5,1078.4,2320.4,1801.9,369.3,26775.26,626,1052.558891,0.35,0.77,310817,36993.79,3.048,9.52
19964,2011,1,40574,0,34,195425,794600,799974,1846.3,8845.2,0,0.09,132.1,143.5,1085,,,,,,26775.26,996,785.3961278,0.35,0.77,311376,37612.4,3.148,9.48
23670,2011,2,40602,0,40,228745,766700,969865,1870.1,8909,0,0.09,132.1,143.3,1083.8,,,,,,26775.26,1367,785.3961278,0.35,0.77,,,3.264,9.56
35439,2011,3,40633,0,38,282702,737500,1211229,1896.5,8967,0,0.09,132.1,143.6,1095,15351.4,1087.9,2381.1,1805.1,368.8,26775.26,1737,785.3961278,0.35,0.77,,,3.615,9.55
26668,2011,4,40663,0,45,213240,699600,1131260,1897,9030.4,0,0.09,132.1,144.8,1090.9,,,,,,26775.26,2107,785.3961278,0.35,0.77,311940,37838.69,3.852,9.54
19050,2011,5,40694,0,46,236472,695000,1042791,1941.6,9102.7,0,0.09,132.1,144.4,1081.2,,,,,,26775.26,2478,785.3961278,0.35,0.77,,,3.96,9.78
14924,2011,6,40724,0,50,242696,710800,1038490,1963.4,9176.7,0,0.09,132.1,145.9,1076.6,15557.5,1082.9,2431.6,1862,374.3,26775.26,2848,785.3961278,0.35,0.77,,,3.735,10.26
20678,2011,7,40755,0,45,163142,721300,1039052,1996,9338.7,0,0.09,132.1,146.8,1085.7,,,,,,26775.26,3218,785.3961278,0.35,0.77,312606,38134.58,3.705,10.47
22846,2011,8,40786,0,41,294424,739200,1049533,2115.4,9525.1,0,0.09,132.1,147,1085.2,,,,,,26775.26,3589,785.3961278,0.35,0.77,,,3.696,10.49
19379,2011,9,40816,0,43,264011,733500,1034382,2120,9545.3,0,0.09,133.1,147.3,1101.3,15647.7,1090.8,2437,1953.8,381.1,26775.26,3959,785.3961278,0.35,0.76,,,3.667,10.29
22031,2011,10,40847,0,35,309720,750800,999154,2128.5,9578.1,0,0.09,133.1,147.2,1114.4,,,,,,26775.26,4329,785.3961278,0.36,0.76,313258,38266.86,3.506,9.83
28022,2011,11,40877,0,39,281689,775600,966764,2182,9629.8,0,0.09,133.1,147.2,1107.9,,,,,,26775.26,4700,785.3961278,0.35,0.76,,,3.443,9.58
33841,2011,12,40908,0,24,264725,806700,1209943,2165.7,9677.4,0,0.09,133.1,146.6,1114.9,15842.3,1112.4,2448.8,2009,391.2,26775.26,5914,785.3961278,0.35,0.77,,,3.326,9.53
23206,2012,1,40939,0,23,320355,859600,890078,2201.8,9750.5,0,0.08,133.1,147.1,1130.4,,,,,,26775.26,6757,588.7166355,0.36,0.76,313813,39042.68,3.44,9.61
37884,2012,2,40968,0,29,343261,852700,1111548,2207.1,9802.2,0,0.08,133.1,147,1145.9,,,,,,26775.26,7601,588.7166355,0.36,0.76,,,3.64,9.58
52367,2012,3,40999,0,31,363745,852200,1352256,2227.8,9846.2,0,0.08,133.1,147.1,1138,16068.8,1138.1,2490.6,2073.4,414.1,26775.26,8444,588.7166355,0.36,0.76,,,3.907,9.52
43496,2012,4,41029,0,29,339702,877300,1141071,2237.3,9899.8,0,0.08,133.1,147.9,1137.4,,,,,,26775.26,9288,588.7166355,0.36,0.76,314373,39329.71,3.958,9.47
40562,2012,5,41060,0,31,370914,905700,1294080,2256.2,9943,0,0.08,133.1,150.6,1133.4,,,,,,26775.26,10131,588.7166355,0.36,0.76,,,3.791,9.64
37876,2012,6,41090,0,45,353625,931500,1247623,2275.3,10013,0,0.08,133.1,150.6,1129.9,16207.1,1133.6,2482.8,2126.2,419.3,26775.26,10975,588.7166355,0.36,0.76,,,3.596,10.13
34627,2012,7,41121,0,40,274595,999300,1119132,2315,10065.7,0,0.08,133.1,150.3,1134.7,,,,,,26510.04,11818,588.7166355,0.36,0.76,315030,39049.61,3.498,10.3
43113,2012,8,41152,0,42,388803,1014700,1242179,2354.1,10136.4,0,0.08,133.1,150.5,1138.4,,,,,,,12662,588.7166355,0.36,0.76,,,3.78,10.32
40645,2012,9,41182,0,46,331766,1020600,1148254,2386.6,10216.6,0,0.08,126.3,150.6,1151.9,16319.5,1141.7,2490.1,2126,433.7,25911.11,13505,588.7166355,0.36,0.76,,,3.91,10.26
40524,2012,10,41213,0,55,410782,1040900,1051770,2420.1,10282.8,0,0.08,126.3,150.2,1141.2,,,,,,24984.76,14349,588.7166355,0.36,0.76,315685,40277.49,3.812,9.74
42160,2012,11,41243,0,47,351051,1056800,1101756,2441.2,10351.8,0,0.08,126.3,150.4,1169.4,,,,,,,15541,588.7166355,0.36,0.75,,,3.521,9.58
51359,2012,12,41274,0,34,260414,1067800,1304711,2460.7,10474.4,0,0.08,126.3,150.3,1180.1,16420.4,1163.6,2510.5,2148.6,460.9,24720.08,15192,588.7166355,0.36,0.75,,,3.381,9.64
39337,2013,1,41305,0,41,374561,1074600,1003901,2476.7,10497.6,0,0.08,126.3,150.2,1193.1,,,,,,24736.38,15905,423.7839945,0.37,0.75,316196,38754.44,3.391,9.64
45628,2013,2,41333,0,35,363011,1077100,1146671,2468.9,10516.6,0,0.08,126.3,150.8,1194.2,,,,,,,16262,423.7839945,0.37,0.75,,,3.736,9.77
53959,2013,3,41364,0,29,385243,1105500,1399079,2476.3,10572.9,0,0.08,126.3,151,1181.9,16648.2,1189.7,2547,2175.3,485.9,24578.15,16619,423.7839945,0.37,0.75,,,3.779,9.71
49942,2013,4,41394,0,28,394779,1125900,1235504,2504.9,10600.4,0,0.08,126.3,150.6,1184.1,,,,,,24286.61,16975,423.7839945,0.37,0.75,316733,39001.94,3.638,9.66
56550,2013,5,41425,0,30,397031,1149200,1386761,2523.5,10634.7,0,0.08,126.3,150.3,1189.3,,,,,,,17332,423.7839945,0.37,0.75,,,3.675,9.92
53666,2013,6,41455,0,43,369376,1163400,1349455,2521,10692.3,0,0.08,126.3,149.8,1189.5,16728.7,1187.6,2522.9,2188.6,508.9,23931.59,17689,423.7839945,0.37,0.75,,,3.689,10.45
52936,2013,7,41486,0,43,250272,1119500,1260908,2542.3,10731.5,0,0.07,126.3,149.7,1193.6,,,,,,23989.72,18045,423.7839945,0.37,0.75,317396,39216.94,3.661,10.69
64383,2013,8,41517,0,41,390466,1147100,1436911,2551.3,10789.6,0,0.07,126.3,149.7,1190.8,,,,,,,18402,423.7839945,0.37,0.75,,,3.645,10.58
41703,2013,9,41547,0,41,376291,1166800,1095503,2585.5,10850,0,0.07,126.3,150.5,1191.4,16953.8,1191.9,2553.3,2230.8,524.9,24140.08,18759,423.7839945,0.37,0.75,,,3.604,10.43
43670,2013,10,41578,0,35,428698,1198100,1162512,2631.2,10974.2,0,0.07,126.3,150.6,1194.6,,,,,,23961.54,19115,423.7839945,0.37,0.75,318072,39331.98,3.42,10.02
44918,2013,11,41608,0,35,358742,1211200,1198934,2638.8,10982.9,0,0.07,126.3,150.4,1205.3,,,,,,,19815,423.7839945,0.37,0.75,,,3.322,9.79
45945,2013,12,41639,0,27,280365,1231000,1312789,2674.2,11047.8,0,0.07,126.3,151.2,1193.7,17192,1197.9,2578.4,2290.5,526.4,24043.18,19412,423.7839945,0.37,0.75,,,3.357,9.86
33460,2014,1,41670,0,17,358465,1248200,977727,2714.1,11117.6,0,0.07,126.3,150.6,1177.5,,,,,,24103.38,20857,371.9707945,0.38,0.75,318645,39901.46,3.392,10.12
37606,2014,2,41698,0,19,360800,1281400,1154861,2730.2,11183.2,0,0.07,126.3,150.6,1208.9,,,,,,,21486,371.9707945,0.38,0.75,,,3.434,10.33
52962,2014,3,41729,0,23,374258,1277300,1484308,2749.3,11219.1,0,0.07,126.3,150.2,1236.3,17197.7,1207.5,2602.8,2335.5,535.3,24100.66,21954,371.9707945,0.37,0.75,,,3.606,10.28
48335,2014,4,41759,0,33,351394,1250100,1342968,2774.2,11264,0,0.06,126.3,151,1234.7,,,,,,,22804,371.9707945,0.37,0.75,319228,40509.92,3.735,10
64680,2014,5,41790,0,37,344889,1227000,1544998,2785.3,11328.5,0,0.06,126.3,150.8,1243.5,,,,,,24601.72,23309,371.9707945,0.37,0.75,,,3.75,10.21
50718,2014,6,41820,0,51,379093,1223300,1371245,2817.2,11383.7,0,0.06,126.3,150.6,1254.5,17518.5,1244.2,2641.6,2407.2,554.1,24753.11,23760,371.9707945,0.37,0.75,,,3.766,10.75
55921,2014,7,41851,0,60,299443,1263700,1379884,2837.3,11438.4,0,0.06,126.3,150.3,1253.8,,,,,,,24064,371.9707945,0.37,0.75,319919,40913.79,3.688,11.03
60611,2014,8,41882,0,62,367428,1242500,1525763,2787,11462.5,0,0.06,126.3,150.8,1264,,,,,,24498.44,24572,371.9707945,0.37,0.75,,,3.565,10.91
40725,2014,9,41912,0,63,372272,1230300,1205061,2861.2,11503.7,0,0.06,126.3,151.1,1266,17804.2,1261.3,2660.7,2465.6,572.5,24159.61,25174,371.9707945,0.37,0.75,,,3.484,10.83
40554,2014,10,41943,0,64,396355,1222300,1240578,2880.4,11577.5,0,0.06,126.3,151.2,1269.8,,,,,,,25605,371.9707945,0.37,0.75,320611,41352.92,3.255,10.34
40894,2014,11,41973,0,63,327832,1230200,1261761,2888.2,11618.2,0,0.06,126.3,151.2,1279,,,,,,23785.82,26048,371.9707945,0.38,0.75,,,2.997,10.13
44588,2014,12,42004,0,43,320869,1218000,1463340,2955.8,11701.9,0,0.06,126.3,151.1,1279.2,17912.1,1276,2652.2,2492.3,594.2,23482.66,25913,371.9707945,0.38,0.75,,,2.632,10.12
31402,2015,1,42035,0,37,326281,1222900,1121078,2952.9,11774.2,0,0.06,126.3,151.2,1280.2,,,,,,,25859,339.8190222,0.38,0.75,321168,41662,2.208,10.18
34062,2015,2,42063,0,35,321911,1244200,1224508,3009.9,11880.4,0,0.06,126.4,151.1,1283.8,,,,,,23530.26,26667,339.8190222,0.38,0.75,,,2.301,10.36
42389,2015,3,42094,0,34,400323,1232700,1503321,2996.8,11892.9,0,0.05,126.4,150.9,1309.2,18063.5,1291,2605.7,2497.2,609.9,23577.26,27213,339.8190222,0.38,0.74,,,2.546,10.29
41378,2015,4,42124,0,22,377861,1241000,1413864,2999.1,11932.5,0,0.05,126.4,150.2,1315.9,,,,,,,27918,339.8190222,0.38,0.74,321744,41920.91,2.555,10.01
51730,2015,5,42155,0,19,370783,1250300,1583222,2978.6,11963.8,0,0.06,126.4,150,1319.6,,,,,,23982.49,28597,339.8190222,0.38,0.74,,,2.802,10.21
42714,2015,6,42185,0,31,369935,1232000,1433758,3013.4,12011.1,0,0.05,125.8,150.3,1317.8,18279.8,1317.8,2641.2,2510.5,629.3,24019.35,29606,339.8190222,0.38,0.75,,,2.885,10.64
44645,2015,7,42216,0,43,308954,1248600,1466296,3034.4,12061.1,0,0.05,125.8,150.5,1324.7,,,,,,,30158,339.8190222,0.38,0.74,322428,42174.69,2.88,10.95
46643,2015,8,42247,0,53,357300,1245200,1530536,3017.6,12110.8,0,0.05,124.6,150.3,1330.9,,,,,,23866.33,30683,339.8190222,0.38,0.75,,,2.726,10.85
41848,2015,9,42277,0,53,360027,1230800,1400265,3044.8,12170.3,0,0.05,124.6,150.2,1325.1,18401.6,1326.9,2666.7,2521.9,654.9,23777.4,31382,339.8190222,0.39,0.74,,,2.462,10.79
40306,2015,10,42308,0,60,379396,1185800,1414847,3026.1,12211.2,0,0.05,124.6,150.2,1317.5,,,,,,,32421,339.8190222,0.39,0.74,323110,42291.48,2.387,10.31
35531,2015,11,42338,0,66,312020,1167000,1282679,3083.4,12301,0,0.05,124.6,150.1,1332.1,,,,,,23662.97,33156,339.8190222,0.39,0.74,,,2.26,10.05
45824,2015,12,42369,0,62,278017,1156000,1596089,3104.1,12361.5,0,0.05,124.6,150.1,1332.8,18435.1,1327.5,2643.7,2500.4,669.3,23468.22,34289,339.8190222,0.39,0.74,,,2.144,9.98
27680,2016,1,42400,0,56,307761,1131500,1120407,3103.4,12490.8,0,0.05,124.7,150,1329.7,,,,,,,35537,311.0408863,0.39,0.74,323689,42579.14,2.057,9.97
32704,2016,2,42429,0,45,348476,1118100,1311218,3131.6,12557.6,0,0.05,122.5,148.8,1353.1,,,,,,23376.8,35940,311.0408863,0.39,0.74,,,1.872,10
41190,2016,3,42460,0,41,353142,1120900,1553875,3152.8,12620.2,0,0.05,122.2,148.8,1333.2,18525.9,1338.7,2632.9,2488.8,693.2,23127.03,37141,311.0408863,0.39,0.74,,,2.071,10
41096,2016,4,42490,0,39,339650,1120500,1465335,3197.7,12703.7,0,0.05,123.5,148.8,1339.2,,,,,,,38705,311.0408863,0.39,0.74,324265,42686.69,2.216,9.83
42718,2016,5,42521,0,39,322111,1104700,1492952,3236.5,12775.9,0,0.05,123,149,1340.2,,,,,,23211.71,39230,311.0408863,0.39,0.74,,,2.371,10.06
41472,2016,6,42551,0,38,376255,1119000,1471524,3242.4,12841.1,0,0.05,122.8,149,1358.2,18711.7,1345.9,2677.9,2511.6,704.3,23208.27,39840,311.0408863,0.39,0.74,,,2.467,10.52
46920,2016,7,42582,0,41,245279,1142900,1474325,3241.7,12902.2,0,0.05,123,149.4,1365.6,,,,,,,40021,311.0408863,0.39,0.74,324926,42988.56,2.345,10.7
47179,2016,8,42613,0,40,372110,1152200,1464226,3312.7,12988.9,0,0.05,123,149.2,1363.4,,,,,,23170.04,41070,311.0408863,0.39,0.74,,,2.284,10.81
47355,2016,9,42643,0,40,343010,1162000,1387128,3326.7,13047.9,0,0.05,123,149,1369.9,18892.6,1366.3,2684.4,2543.7,712.6,23111.84,41701,311.0408863,0.39,0.74,,,2.327,10.68
37835,2016,10,42674,0,34,333624,1157200,1332886,3338.5,13112.8,0,0.05,122.9,148.8,1375.5,,,,,,,42572,311.0408863,0.39,0.74,325557,43381.96,2.359,10.15
42621,2016,11,42704,0,26,315353,1177300,1336014,3354.4,13182.4,0,0.05,122.9,148.6,1357.7,,,,,,23050.71,43341,311.0408863,0.39,0.74,,,2.295,10.1
57795,2016,12,42735,0,23,259813,1156800,1630573,3345.1,13215.3,0.01,0.05,122.9,149.1,1392.1,19089.4,1375.1,2710.9,2571.8,731,22950.08,44297,311.0408863,0.39,0.74,,,2.366,10.09
33697,2017,1,42766,0,15,275973,1150759,1108871,3393.2,13286.4,0.01,0.05,123.1,151.5,1384.9,,,,,,,45260,272.232939,0.39,0.74,326053,44020.76,2.458,10.13
40448,2017,2,42794,0,19,280456,1134605,1292680,3403.1,13351.2,0.01,0.05,125.4,152.6,1390.3,,,,,,22757.6,45860,272.232939,0.4,0.74,,,2.416,10.28
49567,2017,3,42825,0,23,296621,1147229,1505431,3451.3,13420.1,0.01,0.04,126,151.5,1380.1,19280.1,1385.1,2759.8,2603.1,753.6,22532.63,46664,272.232939,0.39,0.74,,,2.437,10.28
44210,2017,4,42855,0,32,263979,1158563,1382673,3450.4,13481,0.01,0.04,125.5,152.4,1390.8,,,,,,,47424,272.232939,0.39,0.74,326554,44521.89,2.528,10.07
50412,2017,5,42886,0,35,303148,1170640,1469381,3516.2,13539.7,0.01,0.04,129.8,153,1388.8,,,,,,22569.1,47876,272.232939,0.4,0.74,,,2.503,10.34
46674,2017,6,42916,0,36,273794,1158626,1428296,3525.3,13564.1,0.01,0.04,123.5,153.7,1403.5,19438.6,1394.4,2768.6,2640.2,767.2,22544.2,48416,272.232939,0.4,0.74,,,2.46,10.83
44259,2017,7,42947,0,54,160328,1109028,1372484,3547.3,13628.9,0.01,0.04,123.5,154.2,1412.6,,,,,,,48731,272.232939,0.4,0.74,327140,44910.74,2.414,10.95
51368,2017,8,42978,0,54,279502,1073009,1433458,3586.5,13688,0.01,0.04,125.8,154.9,1403.5,,,,,,22494.45,49300,272.232939,0.4,0.74,,,2.494,10.91
58459,2017,9,43008,0,62,224722,1015979,1467063,3570.5,13733.8,0.01,0.04,126,155.7,1437.3,19692.6,1417.8,2798.2,2668.9,776.4,22647.89,49734,272.232939,0.4,0.74,,,2.761,10.86
42908,2017,10,43039,0,57,252414,962040,1313881,3607.8,13788.5,0.01,0.04,129.4,156.6,1447.1,,,,,,,50279,272.232939,0.4,0.74,327692,45383.47,2.621,10.4
46918,2017,11,43069,0,64,236184,941417,1352722,3629.4,13814.7,0.01,0.04,129.7,159.1,1467,,,,,,22839.85,50579,272.232939,0.4,0.74,,,2.678,10.28
57435,2017,12,43100,0,66,186095,923836,1548092,3613.3,13860.3,0.01,0.04,129.8,159.6,1485,20037.1,1466.4,2858.6,2732.2,798.3,22716.97,52337,272.232939,0.4,0.74,,,2.594,10.17
37113,2018,1,43131,0,51,220396,880690,1113898,3651.1,13869.2,0.01,0.04,130,161.8,1478.2,,,,,,,53228,239.0466773,0.4,0.74,328091,46124.7,2.671,10.41
40045,2018,2,43159,0,62,245707,873344,1253718,3614.4,13907.3,0.01,0.04,130,162.1,1490.7,,,,,,22521.53,53289,239.0466773,0.41,0.74,,,2.705,10.42
50826,2018,3,43190,0,54,266858,896643,1596264,3664.5,13966.4,0.02,0.04,130,160.4,1481.1,20328.6,1483.3,2904.6,2810.3,800.3,22244.74,54655,239.0466773,0.41,0.74,,,2.709,10.34
47552,2018,4,43220,0,60,256408,884936,1305994,3656.6,13989.3,0.02,0.04,130,162.6,1478.4,,,,,,,56111,239.0466773,0.4,0.74,328526,46721.11,2.873,10.18
55237,2018,5,43251,0,50,250290,903942,1531256,3654,14055.7,0.02,0.04,130,164.1,1498.8,,,,,,22421.65,56624,239.0466773,0.4,0.73,,,2.987,10.35
54520,2018,6,43281,0,49,230282,885167,1489196,3655.6,14117.5,0.02,0.04,130,162.7,1487.2,20580.9,1488.1,2921.8,2846.5,819.6,22445.54,57770,239.0466773,0.4,0.74,,,2.97,10.75
52859,2018,7,43312,0,50,156442,873147,1310105,3681.5,14157,0.02,0.04,130,164.3,1492.6,,,,,,,58293,239.0466773,0.4,0.73,329040,47298.5,2.928,10.99
60536,2018,8,43343,0,43,236685,822033,1421679,3695,14206,0.02,0.04,130,164.6,1497,,,,,,22340.77,60818,239.0466773,0.41,0.73,,,2.914,11.01
66925,2018,9,43373,0,52,215891,783748,1365211,3702.2,14238.2,0.02,0.04,130,164.9,1485.2,20798.7,1491.6,2930.8,2870.4,819.7,22271.29,61842,239.0466773,0.4,0.73,,,2.915,10.66
68488,2018,10,43404,0,62,273390,753344,1291793,3726.1,14248.1,0.02,0.04,130,164.4,1483.9,,,,,,,62838,239.0466773,0.41,0.73,329522,47860.23,2.943,10.41
63122,2018,11,43434,0,73,239004,757239,1319431,3704.2,14258.7,0.02,0.04,130,163.8,1519.6,,,,,,22371.57,63522,239.0466773,0.41,0.73,,,2.736,10.35
71871,2018,12,43465,0,78,199142,769161,1545907,3764.3,14369.9,0.02,0.04,130,164.1,1473.3,20917.9,1492.2,2944.3,2898.7,808,22296.41,64106,239.0466773,0.41,0.73,,,2.457,10.21
52105,2019,1,43496,0,85,234105,741560,1081052,3744.4,14432.7,0.02,0.04,130,164.1,1469.9,,,,,,,67949,220.4902271,0.41,0.73,329868,48496.07,2.338,10.24
39984,2019,2,43524,0,91,218699,724291,1211529,3751.2,14470.5,0.02,0.04,130,164.2,1472.8,,,,,,22089.16,68496,220.4902271,0.42,0.73,,,2.393,10.4
56281,2019,3,43555,0,93,213949,704299,1542530,3735,14513.9,0.02,0.04,129.5,163.5,1505.1,21111.6,1482.6,2947.4,2932.4,803.4,21793.68,68935,220.4902271,0.41,0.73,,,2.594,10.34
59103,2019,4,43585,0,85,211952,682268,1267452,3779.3,14548.1,0.02,0.04,129.5,163.3,1496.6,,,,,,,70457,220.4902271,0.41,0.73,330245,48675.68,2.881,10.24
70123,2019,5,43616,0,98,228780,684552,1511356,3788,14660.8,0.02,0.04,129.5,165.6,1525.5,,,,,,22022.23,73166,220.4902271,0.41,0.73,,,2.946,10.38
70667,2019,6,43646,0,127,204707,699459,1439007,3832.1,14782.9,0.02,0.04,129.9,166.4,1531.5,21397.9,1517.9,3010.2,3000.8,820,,74422,220.4902271,0.41,0.73,,,2.804,10.74
67097,2019,7,43677,0,133,173283,704379,1329363,3865,14865.4,0.02,0.04,129.9,166.2,1538.1,,,,,,22116.81,75141,220.4902271,0.41,0.73,330729,49049.52,2.823,11
70127,2019,8,43708,0,133,226802,666218,1568595,3862,14947.6,0.02,0.04,129.9,166.2,1541,,,,,,22164.61,77520,220.4902271,0.41,0.73,,,2.707,11.05
57476,2019,9,43738,0,118,198920,656141,1209674,3901.2,15039.5,0.02,0.04,127.9,166.2,1553.5,21717.2,1544.2,3032,3031.1,838.2,,78538,220.4902271,0.41,0.73,,,2.681,10.82
61917,2019,10,43769,0,108,213151,607130,1272078,3931.6,15174.6,0.02,0.04,129.6,166.6,1531.8,,,,,,22327.08,78605,220.4902271,0.42,0.73,331208,49406.11,2.724,10.39
52116,2019,11,43799,0,94,214298,568593,1351037,3952.8,15273.3,0.02,0.04,129.7,166.3,1557.4,,,,,,22282.26,79525,220.4902271,0.42,0.73,,,2.693,10.38
62061,2019,12,43830,0,70,173355,529109,1450182,4008.4,15334.3,0.02,0.04,129.7,166.3,1560.4,21933.2,1549.9,3047.1,3010.3,846.8,,85253,220.4902271,0.42,0.73,,,2.645,10.22
58661,2020,1,43861,1,66,217576,520522,1077899,3977.6,15401.3,0.02,0.04,129.7,166.5,1540.3,,,,,,21980.77,86966,198.9661877,0.42,0.73,331537,49832.75,2.636,10.22
49571,2020,2,43890,1,59,221174,515595,1300999,3979.6,15453.8,0.02,0.04,129.7,166.5,1545.7,,,,,,21654.81,88519,198.9661877,0.42,0.73,,,2.533,10.22
45306,2020,3,43921,1,61,151458,578020,944648,4260.9,15980.6,0.01,0.04,129.7,166.5,1339.1,21727.7,1475,3081.4,2961.1,879.9,,89636,198.9661877,0.43,0.73,,,2.329,10.21
24341,2020,4,43951,1,75,1780,525705,690981,4788.8,16999,0,0.15,129.9,165.8,1170.3,,,,,,21568.18,90928,198.9661877,0.44,0.73,331715,54525.42,1.938,10.34
40277,2020,5,43982,1,71,46874,462689,1078812,16245.5,17868.4,0,0.13,131.1,166.5,1522.9,,,,,,21571.47,95510,198.9661877,0.43,0.73,,,1.961,10.39
62605,2020,6,44012,1,65,149180,458497,1038564,16574.1,18161.5,0,0.11,131.1,166.2,1674,19935.4,1455.7,2929.7,2734.5,818.2,,96232,198.9661877,0.44,0.73,,,2.17,10.88
72041,2020,7,44043,1,61,177747,543866,1164602,16774.5,18311.4,0,0.1,131.1,165.4,1731,,,,,,21156.64,98084,198.9661877,0.44,0.73,331887,52987.91,2.272,11.06
65960,2020,8,44074,1,106,197526,528887,1252110,16898.8,18382.2,0,0.08,131.3,165.5,1752.4,,,,,,21831.29,97348,198.9661877,0.44,0.73,,,2.272,11.02
78064,2020,9,44104,1,109,200883,517481,1263035,17170.5,18606.8,0,0.08,131.7,165.4,1771.8,21684.6,1751.7,3163.5,2852.2,950.2,,99153,198.9661877,0.43,0.73,,,2.274,10.99
85325,2020,10,44135,1,103,206384,514018,1273597,17365.7,18758.1,0,0.07,131.8,166.3,1775.2,,,,,,23075.29,100933,198.9661877,0.42,0.73,332060,52113.77,2.248,10.65
77318,2020,11,44165,1,101,172834,488101,1121819,17612.9,18972.9,0,0.07,131.9,165.4,1771.1,,,,,,23504.2,105369,198.9661877,0.43,0.73,,,2.2,10.38
103187,2020,12,44196,1,117,154645,463788,1502310,17803,19109.9,0,0.07,132.1,165.4,1809.4,22068.8,1785.2,3184.5,2934.1,1034.2,,107395,198.9661877,0.43,0.73,,,2.284,10.37
79409,2021,1,44227,1,103,163592,444774,1026877,18063.1,19334.6,0,0.06,132.3,164.8,1870.5,,,,,,23437.23,109459,176.5443186,0.43,0.73,332005,59058.45,2.42,10.29
89306,2021,2,44255,1,52,144140,416683,1104470,18322.3,19570.8,0,0.06,130.4,164.9,1808.4,,,,,,23163.83,113326,176.5443186,0.44,0.73,,,2.587,11.16
131139,2021,3,44286,1,48,138239,351989,1466013,18595.7,19809.6,0,0.06,130.6,166,2073.3,22656.8,1917.4,3331.6,3000.2,1086.5,,114232,176.5443186,0.44,0.73,,,2.898,10.84
128548,2021,4,44316,1,57,138313,313539,1389867,18946.3,20135.3,0,0.06,130.8,167,2099.5,,,,,,23456.18,114208,176.5443186,0.43,0.73,332166,55271.16,2.948,10.63
133114,2021,5,44347,1,65,125910,260042,1437199,19266.8,20439.5,0,0.06,132.6,166.6,2026.6,,,,,,25277.22,117512,176.5443186,0.43,0.73,,,3.076,10.69
128521,2021,6,44377,1,50,130317,204556,1173692,19327.4,20482.4,0,0.06,134.2,167.6,2024.9,23368.9,2050.3,3493.3,3067.3,1114.9,,119322,176.5443186,0.43,0.73,,,3.157,11.25
131980,2021,7,44408,1,87,110612,165606,1148823,19493.7,20633.4,0,0.05,134.883,169.853,1947.8,,,,,,,120233,176.5443186,0.43,0.73,332497,55335.24,3.231,11.45
117542,2021,8,44439,1,121,129209,133594,975119,19721.1,20844.4,0,0.05,134.648,170.679,1953.9,,,,,,28611.39,121608,176.5443186,0.43,0.73,,,3.255,11.55
114676,2021,9,44469,1,124,88800,89505,901259,19863.2,20973.8,0,0.05,135.266,171.671,1958.2,23922,1953.3,3548.6,3085.9,1145.1,,122946,176.5443186,0.43,0.73,,,3.272,11.59
124242,2021,10,44500,1,143,134617,91750,926773,20056.9,21153.7,0,0.05,135.362,174.63,2034.1,,,,,,29033.09,124984,176.5443186,0.43,0.73,332802,55564.27,3.384,11.24
120183,2021,11,44530,1,136,135120,77514,894228,20246.4,21327.6,0,0.04,136.076,176.077,2051.6,,,,,,29911.7,126690,176.5443186,0.43,0.73,,,3.491,11.14
135977,2021,12,44561,1,216,126112,84133,1068016,20436.2,21507.8,0,0.04,136.39,177.194,2034.5,24777,2040.1,3667,3162.9,1183.5,,128703,176.5443186,0.43,0.73,,,3.406,11.03
117856,2022,1,44592,1,193,124789,74880,873717,20500.6,21566.1,0,0.04,136.4,181.212,2102.7,,,,,,30990.03,129599,159.2981702,0.43,0.73,332991,54966.35,3.413,11.24
117597,2022,2,44620,1,172,127508,74951,928027,20577.6,21621,0,0.04,136.708,181.489,2068.8,,,,,,31454.9,131258,159.2981702,0.44,0.73,,,3.611,11.42
157043,2022,3,44651,1,173,149193,81727,1100778,20686.5,21722.8,0,0.04,136.908,182.42,2082,25215.5,2084.5,3761.6,3319.5,1220.4,,130092,159.2981702,0.43,0.73,,,4.322,11.48
142261,2022,4,44681,1,180,140150,85331,1094171,20703.1,21723.2,0,0.04,137.537,183.382,2107.7,,,,,,31194.32,132453,159.2981702,0.43,0.73,333320,55669.03,4.213,11.56
136502,2022,5,44712,1,199,141616,89909,971561,20675.4,21696.6,0.01,0.04,137.745,186.996,2056.7,,,,,,31433.26,134623,159.2981702,0.43,0.73,,,4.545,11.98
150139,2022,6,44742,1,142,150278,97703,993681,20601.8,21652.4,0.01,0.04,137.715,188.791,2072,25805.8,2078.8,3892.3,3443.8,1225.8,,136233,159.2981702,0.43,0.73,,,5.032,12.75
137471,2022,7,44773,1,147,110172,99802,989052,20534.5,21644.5,0.02,0.04,137.654,193.543,2067.8,,,,,,31475.89,138677,159.2981702,0.44,0.73,333762,57151.2,4.668,13.12
132502,2022,8,44804,1,156,171599,108823,1001763,20455.1,21626.7,0.02,0.04,137.459,193.021,2091.7,,,,,,31599.87,140749,159.2981702,0.44,0.73,,,4.087,13.44
139118,2022,9,44834,1,205,161069,112575,985179,20269.1,21507.7,0.03,0.04,136.774,193.345,2090.7,26272,2083.4,3889.6,3564,1163.9,,135376,159.2981702,0.44,0.73,,,3.817,13.31
156003,2022,10,44865,1,291,161946,108754,1025537,20100.9,21433.4,0.03,0.04,135.987,193.825,2108.7,,,,,,31304.48,139147,159.2981702,0.44,0.73,334201,58175.47,3.935,12.66
143193,2022,11,44895,1,281,143829,107418,992291,19931.1,21367.1,0.04,0.04,136.074,195.581,2052.6,,,,,,30408.68,140307,159.2981702,0.44,0.73,,,3.799,12.3
168120,2022,12,44926,1,262,121459,112210,1100777,19724.2,21273.1,0.04,0.04,136.074,195.614,2035,26734.3,2065.4,3900.8,3643.9,1105.1,,144227,159.2981702,0.44,0.73,,,3.324,12.4
148606,2023,1,44957,1,259,134673,111541,898313,19512.8,21188.2,0.04,0.03,136.225,195.345,2172.1,,,,,,29512.21,144635,139,0.44,0.73,334547,60221.73,3.445,12.68
165267,2023,2,44985,1,240,145498,117800,973489,19321.1,21117.7,0.05,0.04,136.395,195.258,2147.3,,,,,,28779.56,144762,139,0.44,0.74,,,3.501,12.67
207763,2023,3,45016,1,187,165972,130646,1167229,18927.7,20870.6,0.05,0.04,136.771,195.18,2119.6,27164.4,2146.4,3938.5,3742.3,1084,,148687,139,0.44,0.74,,,3.535,12.46
217573,2023,4,45046,1,70,142427,140222,1140271,18606.4,20712.2,0.05,0.03,137.422,196.568,2143.5,,,,,,29025.66,149758,139,0.44,0.74,334934,61087.86,3.711,12.16
224855,2023,5,45077,1,68,155056,153793,1138963,18554.8,20804.8,0.05,0.04,137.822,196.452,2147,,,,,,29928.58,151582,139,0.44,0.74,,,3.666,12.21
225847,2023,6,45107,0,99,150872,164537,1142866,18444.4,20788.5,0.05,0.04,137.888,196.933,2138.7,27453.8,2143.1,3945.1,3833.7,1091.9,,154962,139,0.44,0.74,,,3.684,12.72
228185,2023,7,45138,0,134,109213,174985,1071086,18340.5,20762.6,0.05,0.04,137.812,196.793,2144.5,,,,,,30113.99,157492,139,0.45,0.73,335430,61611.66,3.712,13.06
230913,2023,8,45169,0,159,169708,189437,1087675,18230.1,20735,0.05,0.04,137.856,196.881,2132.2,,,,,,29617.14,160469,139,0.44,0.73,,,3.954,13.27
251418,2023,9,45199,0,171,146132,199396,1089562,18110.3,20681.4,0.05,0.04,137.875,196.9,2148.4,27967.7,2141.7,4006.2,3848.8,1125.3,,167840,139,0.44,0.73,,,3.958,13.14
216345,2023,10,45230,0,169,153245,208754,977629,18028.9,20662.5,0.05,0.04,138.663,196.499,2127.6,,,,,,29268.29,169805,139,0.44,0.73,335923,62256.83,3.742,12.67
235402,2023,11,45260,0,184,148068,220135,1000181,17967.6,20675.7,0.05,0.04,138.597,196.421,2133.9,,,,,,28903.49,173580,139,0.44,0.73,,,3.443,12.44
279866,2023,12,45291,0,179,120219,226074,1178987,17971.2,20725.4,0.05,0.04,138.272,196.32,2156.5,28297,2139.3,4035.4,3901.5,1144.7,,176032,139,0.44,0.73,,,3.257,12.34
